Artist ID,Track Name,Popularity
0cGUm45nv7Z6M6qdXYQGTX,After Hours,79
0cGUm45nv7Z6M6qdXYQGTX,Nights Like This (feat. Ty Dolla $ign),76
0cGUm45nv7Z6M6qdXYQGTX,Gangsta,60
0cGUm45nv7Z6M6qdXYQGTX,Good Life (with G-Eazy & Kehlani),57
0cGUm45nv7Z6M6qdXYQGTX,Done for Me (feat. Kehlani),68
0cGUm45nv7Z6M6qdXYQGTX,Toxic,66
0cGUm45nv7Z6M6qdXYQGTX,Ring (feat. Kehlani),65
0cGUm45nv7Z6M6qdXYQGTX,Can I,65
0cGUm45nv7Z6M6qdXYQGTX,Honey,64
0cGUm45nv7Z6M6qdXYQGTX,At My Worst (feat. Kehlani),58
4GvEc3ANtPPjt1ZJllr5Zl,Mine,75
4GvEc3ANtPPjt1ZJllr5Zl,Beautiful (feat. Camila Cabello),72
4GvEc3ANtPPjt1ZJllr5Zl,Paradise,72
4GvEc3ANtPPjt1ZJllr5Zl,I.F.L.Y.,72
4GvEc3ANtPPjt1ZJllr5Zl,Fantasy,69
4GvEc3ANtPPjt1ZJllr5Zl,Why,66
4GvEc3ANtPPjt1ZJllr5Zl,Myself,65
4GvEc3ANtPPjt1ZJllr5Zl,Beautiful,62
4GvEc3ANtPPjt1ZJllr5Zl,STRINGS (feat. JVKE & Bazzi),61
4GvEc3ANtPPjt1ZJllr5Zl,3:15,61
3e7awlrlDSwF3iM0WBjGMp,Heartbreak Anthem (with David Guetta & Little Mix),75
3e7awlrlDSwF3iM0WBjGMp,Secret Love Song (feat. Jason Derulo),74
3e7awlrlDSwF3iM0WBjGMp,Black Magic,73
3e7awlrlDSwF3iM0WBjGMp,Shout Out to My Ex,73
3e7awlrlDSwF3iM0WBjGMp,Power,72
3e7awlrlDSwF3iM0WBjGMp,Love Me Like You,69
3e7awlrlDSwF3iM0WBjGMp,Reggaetón Lento (Remix),65
3e7awlrlDSwF3iM0WBjGMp,Woman Like Me (feat. Nicki Minaj),66
3e7awlrlDSwF3iM0WBjGMp,Touch,66
3e7awlrlDSwF3iM0WBjGMp,Love Me or Leave Me,65
6qqNVTkY8uBg9cP3Jd7DAH,"What Was I Made For? [From The Motion Picture ""Barbie""]",90
6qqNVTkY8uBg9cP3Jd7DAH,lovely (with Khalid),88
6qqNVTkY8uBg9cP3Jd7DAH,ocean eyes,73
6qqNVTkY8uBg9cP3Jd7DAH,hotline (edit),85
6qqNVTkY8uBg9cP3Jd7DAH,when the party's over,85
6qqNVTkY8uBg9cP3Jd7DAH,Happier Than Ever,84
6qqNVTkY8uBg9cP3Jd7DAH,everything i wanted,83
6qqNVTkY8uBg9cP3Jd7DAH,bad guy,82
6qqNVTkY8uBg9cP3Jd7DAH,TV,82
6qqNVTkY8uBg9cP3Jd7DAH,Bored,81
1xVYxkSq6IWhFpSW1OMe41,Glowing in the Dark,53
1xVYxkSq6IWhFpSW1OMe41,Written in the Stars,46
1xVYxkSq6IWhFpSW1OMe41,Someone You Like,46
1xVYxkSq6IWhFpSW1OMe41,Make You Stay,44
1xVYxkSq6IWhFpSW1OMe41,Cry Wolf,33
1xVYxkSq6IWhFpSW1OMe41,Gladiator,31
1xVYxkSq6IWhFpSW1OMe41,Monster,29
1xVYxkSq6IWhFpSW1OMe41,My Way,28
1xVYxkSq6IWhFpSW1OMe41,All I Want for Christmas Is You,18
1xVYxkSq6IWhFpSW1OMe41,Have Yourself a Merry Little Christmas,14
1KYszkVzlhV3rAqmAcYIgd,Take A Hint (feat. Victoria Justice & Elizabeth Gillies),60
1KYszkVzlhV3rAqmAcYIgd,Beggin' On Your Knees (feat. Victoria Justice),61
1KYszkVzlhV3rAqmAcYIgd,Freak The Freak Out (feat. Victoria Justice),58
1KYszkVzlhV3rAqmAcYIgd,Make It Shine (Victorious Theme) (feat. Victoria Justice),54
1KYszkVzlhV3rAqmAcYIgd,Give It Up (feat. Elizabeth Gillies & Ariana Grande),56
1KYszkVzlhV3rAqmAcYIgd,Best Friend's Brother (feat. Victoria Justice),55
1KYszkVzlhV3rAqmAcYIgd,Song 2 You (feat. Leon Thomas III & Victoria Justice),55
1KYszkVzlhV3rAqmAcYIgd,Tell Me That You Love Me (feat. Victoria Justice & Leon Thomas III),54
1KYszkVzlhV3rAqmAcYIgd,Finally Falling (feat. Victoria Justice),49
1KYszkVzlhV3rAqmAcYIgd,All I Want Is Everything (feat. Victoria Justice),49
0uqrdF1UCmMshSk6veOa5K,Queen of Mean,66
0uqrdF1UCmMshSk6veOa5K,Break This Down,57
0uqrdF1UCmMshSk6veOa5K,Rotten to the Core (D3 Remix),48
0uqrdF1UCmMshSk6veOa5K,Happy Birthday,45
0uqrdF1UCmMshSk6veOa5K,"Queen of Mean - From ""Descendants 3""/CLOUDxCITY Remix",44
0uqrdF1UCmMshSk6veOa5K,Audrey's Christmas Rewind,36
0uqrdF1UCmMshSk6veOa5K,Suffer,35
0uqrdF1UCmMshSk6veOa5K,Even the Stars,32
4gWAItIMhYCdD82T8tvv3T,Make You Believe,52
4gWAItIMhYCdD82T8tvv3T,Bless Myself,46
4gWAItIMhYCdD82T8tvv3T,Run This Town,45
4gWAItIMhYCdD82T8tvv3T,Extra Ordinary,41
4gWAItIMhYCdD82T8tvv3T,Lie a Little Better,36
4gWAItIMhYCdD82T8tvv3T,"Let It Go - From ""Frozen""",31
4gWAItIMhYCdD82T8tvv3T,You Sound Good to Me,32
4gWAItIMhYCdD82T8tvv3T,Loved,34
4gWAItIMhYCdD82T8tvv3T,Red Dress,31
4gWAItIMhYCdD82T8tvv3T,From the Backseat,24
1McMsnEElThX1knmY4oliG,vampire,89
1McMsnEElThX1knmY4oliG,obsessed,88
1McMsnEElThX1knmY4oliG,deja vu,86
1McMsnEElThX1knmY4oliG,traitor,86
1McMsnEElThX1knmY4oliG,drivers license,85
1McMsnEElThX1knmY4oliG,good 4 u,84
1McMsnEElThX1knmY4oliG,favorite crime,84
1McMsnEElThX1knmY4oliG,happier,84
1McMsnEElThX1knmY4oliG,bad idea right?,83
1McMsnEElThX1knmY4oliG,so american,83
6JL8zeS1NmiOftqZTRgdTz,Made You Look,83
6JL8zeS1NmiOftqZTRgdTz,Been Like This,80
6JL8zeS1NmiOftqZTRgdTz,Like I'm Gonna Lose You (feat. John Legend),78
6JL8zeS1NmiOftqZTRgdTz,All About That Bass,75
6JL8zeS1NmiOftqZTRgdTz,Dear Future Husband,76
6JL8zeS1NmiOftqZTRgdTz,NO,75
6JL8zeS1NmiOftqZTRgdTz,Better When I'm Dancin',74
6JL8zeS1NmiOftqZTRgdTz,Me Too,73
6JL8zeS1NmiOftqZTRgdTz,To The Moon,72
6JL8zeS1NmiOftqZTRgdTz,Lips Are Movin,70
74KM79TiuVKeVCqs8QtB0B,Espresso,99
74KM79TiuVKeVCqs8QtB0B,Feather,90
74KM79TiuVKeVCqs8QtB0B,Nonsense,89
74KM79TiuVKeVCqs8QtB0B,because i liked a boy,79
74KM79TiuVKeVCqs8QtB0B,Looking at Me,78
74KM79TiuVKeVCqs8QtB0B,On My Way,69
74KM79TiuVKeVCqs8QtB0B,Read your Mind,74
74KM79TiuVKeVCqs8QtB0B,You Need Me Now? (feat. Sabrina Carpenter),68
74KM79TiuVKeVCqs8QtB0B,emails i can’t send,72
74KM79TiuVKeVCqs8QtB0B,Vicious,71
4Rxn7Im3LGfyRkY2FlHhWi,Jealous - Remix,68
4Rxn7Im3LGfyRkY2FlHhWi,Close,67
4Rxn7Im3LGfyRkY2FlHhWi,"Introducing Me - From ""Camp Rock 2: The Final Jam""",63
4Rxn7Im3LGfyRkY2FlHhWi,Chains,57
4Rxn7Im3LGfyRkY2FlHhWi,Maan Meri Jaan (Afterlife),58
4Rxn7Im3LGfyRkY2FlHhWi,Right Now,57
4Rxn7Im3LGfyRkY2FlHhWi,This Is Heaven,54
4Rxn7Im3LGfyRkY2FlHhWi,Find You,53
4Rxn7Im3LGfyRkY2FlHhWi,Levels,54
4Rxn7Im3LGfyRkY2FlHhWi,"This is Our Song - From ""Camp Rock 2: The Final Jam""",51
0uGk2czvcpWQA383Im6ajf,OHMAMI - With Maggie Lindemann,37
0uGk2czvcpWQA383Im6ajf,Pretty Girl - Cheat Codes X CADE Remix,67
0uGk2czvcpWQA383Im6ajf,Moon & Stars (feat. Maggie Lindemann),62
0uGk2czvcpWQA383Im6ajf,Pretty Girl,61
0uGk2czvcpWQA383Im6ajf,OHMAMI - With Maggie Lindemann,54
0uGk2czvcpWQA383Im6ajf,she knows it,57
0uGk2czvcpWQA383Im6ajf,hostage,55
0uGk2czvcpWQA383Im6ajf,Knife Under My Pillow,53
0uGk2czvcpWQA383Im6ajf,taking over me,53
0uGk2czvcpWQA383Im6ajf,Crash and Burn,52
1l8Fu6IkuTP0U5QetQJ5Xt,Work from Home (feat. Ty Dolla $ign),78
1l8Fu6IkuTP0U5QetQJ5Xt,Worth It (feat. Kid Ink),74
1l8Fu6IkuTP0U5QetQJ5Xt,That's My Girl,73
1l8Fu6IkuTP0U5QetQJ5Xt,All In My Head (Flex) (feat. Fetty Wap),64
1l8Fu6IkuTP0U5QetQJ5Xt,I'm In Love With a Monster,63
1l8Fu6IkuTP0U5QetQJ5Xt,Sledgehammer,61
1l8Fu6IkuTP0U5QetQJ5Xt,BO$$,59
1l8Fu6IkuTP0U5QetQJ5Xt,Miss Movin' On,56
1l8Fu6IkuTP0U5QetQJ5Xt,Worth It,57
1l8Fu6IkuTP0U5QetQJ5Xt,Down (feat. Gucci Mane),53
6U1dBXJhC8gXFjamvFTmHg,Rewrite The Stars,73
6U1dBXJhC8gXFjamvFTmHg,The Greatest Show,61
6U1dBXJhC8gXFjamvFTmHg,The Other Side,72
6U1dBXJhC8gXFjamvFTmHg,Gotta Go My Own Way,65
6U1dBXJhC8gXFjamvFTmHg,Can I Have This Dance,64
6U1dBXJhC8gXFjamvFTmHg,You Can't Stop The Beat,59
6U1dBXJhC8gXFjamvFTmHg,Just Wanna Be With You,59
6U1dBXJhC8gXFjamvFTmHg,What Time Is It,57
6U1dBXJhC8gXFjamvFTmHg,Scream,58
6U1dBXJhC8gXFjamvFTmHg,"Right Here, Right Now",58
7gAppWoH7pcYmphCVTXkzs,Somebody To You,55
7gAppWoH7pcYmphCVTXkzs,All Night,70
7gAppWoH7pcYmphCVTXkzs,Can We Dance,52
7gAppWoH7pcYmphCVTXkzs,Just My Type,55
7gAppWoH7pcYmphCVTXkzs,Somebody To You,57
7gAppWoH7pcYmphCVTXkzs,Last Night,48
7gAppWoH7pcYmphCVTXkzs,Oh Cecilia (Breaking My Heart),44
7gAppWoH7pcYmphCVTXkzs,All The Lies (with Felix Jaehn & The Vamps),47
7gAppWoH7pcYmphCVTXkzs,Wild Heart,43
7gAppWoH7pcYmphCVTXkzs,I Found A Girl,44
6P5NO5hzJbuOqSdyPB7SJM,Moral of the Story,78
6P5NO5hzJbuOqSdyPB7SJM,Till Forever Falls Apart,74
6P5NO5hzJbuOqSdyPB7SJM,Moral of the Story (feat. Niall Horan) - Bonus Track,69
6P5NO5hzJbuOqSdyPB7SJM,Love Is Letting Go (feat. Diane Keaton),57
6P5NO5hzJbuOqSdyPB7SJM,Missing You (with Ashe),55
6P5NO5hzJbuOqSdyPB7SJM,Another Man's Jeans,53
6P5NO5hzJbuOqSdyPB7SJM,Save Myself,51
6P5NO5hzJbuOqSdyPB7SJM,Hope You're Not Happy,50
6P5NO5hzJbuOqSdyPB7SJM,Angry Woman,46
6P5NO5hzJbuOqSdyPB7SJM,Fun While It Lasted,48
5CCwRZC6euC8Odo6y9X8jr,Praising You (feat. Fatboy Slim),71
5CCwRZC6euC8Odo6y9X8jr,For You (With Rita Ora),66
5CCwRZC6euC8Odo6y9X8jr,Ritual,63
5CCwRZC6euC8Odo6y9X8jr,Let You Love Me,65
5CCwRZC6euC8Odo6y9X8jr,Your Song,62
5CCwRZC6euC8Odo6y9X8jr,Drinkin',66
5CCwRZC6euC8Odo6y9X8jr,You Only Love Me,66
5CCwRZC6euC8Odo6y9X8jr,I'll Be There,65
5CCwRZC6euC8Odo6y9X8jr,LAST OF US (feat. Rita Ora),64
5CCwRZC6euC8Odo6y9X8jr,Anywhere,57
2wUjUUtkb5lvLKcGKsKqsR,Scars To Your Beautiful,78
2wUjUUtkb5lvLKcGKsKqsR,Stay,76
2wUjUUtkb5lvLKcGKsKqsR,Here,70
2wUjUUtkb5lvLKcGKsKqsR,How Far I'll Go - Alessia Cara Version,64
2wUjUUtkb5lvLKcGKsKqsR,Out Of Love,67
2wUjUUtkb5lvLKcGKsKqsR,Wild Things,64
2wUjUUtkb5lvLKcGKsKqsR,I'm Like A Bird - Recorded at Spotify Studios NYC,60
2wUjUUtkb5lvLKcGKsKqsR,"I Choose - From The Netflix Original Film ""The Willoughbys""",58
2wUjUUtkb5lvLKcGKsKqsR,River Of Tears,58
2wUjUUtkb5lvLKcGKsKqsR,You Let Me Down,55
542yUd4rGzUEOLd1diV94f,Get Off My Phone,60
542yUd4rGzUEOLd1diV94f,Malibu,54
542yUd4rGzUEOLd1diV94f,Heaven Angel,54
542yUd4rGzUEOLd1diV94f,Keep Moving Forward (feat. Nikka Costa),39
542yUd4rGzUEOLd1diV94f,Leave Me Feeling Confident,43
542yUd4rGzUEOLd1diV94f,#1 Fan,42
542yUd4rGzUEOLd1diV94f,Summertime Baby - Live,40
542yUd4rGzUEOLd1diV94f,OMG Plz Don't Come Around / Like a King - Live,37
542yUd4rGzUEOLd1diV94f,A Kiss - Live,28
542yUd4rGzUEOLd1diV94f,Fantasy - Live,31
4AK6F7OLvEQ5QYCBNiQWHq,Night Changes,88
4AK6F7OLvEQ5QYCBNiQWHq,What Makes You Beautiful,86
4AK6F7OLvEQ5QYCBNiQWHq,Story of My Life,84
4AK6F7OLvEQ5QYCBNiQWHq,Drag Me Down,81
4AK6F7OLvEQ5QYCBNiQWHq,Steal My Girl,80
4AK6F7OLvEQ5QYCBNiQWHq,Perfect,79
4AK6F7OLvEQ5QYCBNiQWHq,Right Now,78
4AK6F7OLvEQ5QYCBNiQWHq,18,78
4AK6F7OLvEQ5QYCBNiQWHq,You & I,76
4AK6F7OLvEQ5QYCBNiQWHq,Best Song Ever,76
5pUo3fmmHT8bhCyHE52hA6,Strip That Down (feat. Quavo),69
5pUo3fmmHT8bhCyHE52hA6,For You (With Rita Ora),66
5pUo3fmmHT8bhCyHE52hA6,Polaroid,62
5pUo3fmmHT8bhCyHE52hA6,Teardrops,60
5pUo3fmmHT8bhCyHE52hA6,Familiar (With J. Balvin),53
5pUo3fmmHT8bhCyHE52hA6,Get Low (with Liam Payne),55
5pUo3fmmHT8bhCyHE52hA6,Stack It Up (feat. A Boogie Wit da Hoodie),47
5pUo3fmmHT8bhCyHE52hA6,Bedroom Floor,50
5pUo3fmmHT8bhCyHE52hA6,Sunshine - From the Motion Picture “Ron’s Gone Wrong”,49
5pUo3fmmHT8bhCyHE52hA6,Strip That Down - Acoustic,49
3gIRvgZssIb9aiirIg0nI3,comethru,75
3gIRvgZssIb9aiirIg0nI3,you were good to me,72
3gIRvgZssIb9aiirIg0nI3,this is how you fall in love,70
3gIRvgZssIb9aiirIg0nI3,all the kids are depressed,69
3gIRvgZssIb9aiirIg0nI3,"always, i'll care",67
3gIRvgZssIb9aiirIg0nI3,better off,60
3gIRvgZssIb9aiirIg0nI3,talk is overrated,58
3gIRvgZssIb9aiirIg0nI3,scared,57
3gIRvgZssIb9aiirIg0nI3,that way - with Jeremy Zucker,56
3gIRvgZssIb9aiirIg0nI3,comethru (with Bea Miller),56
6dn6x1XOng3LOAnfTjUn77,Like Strangers Do,62
6dn6x1XOng3LOAnfTjUn77,Slow Dance (feat. Ava Max),52
6dn6x1XOng3LOAnfTjUn77,Used to Be,51
6dn6x1XOng3LOAnfTjUn77,Slow Dance (feat. Ava Max) - Sam Feldt Remix,54
6dn6x1XOng3LOAnfTjUn77,Hate You + Love You,42
6dn6x1XOng3LOAnfTjUn77,I Don't Want You Back,53
6dn6x1XOng3LOAnfTjUn77,All My Friends,49
6dn6x1XOng3LOAnfTjUn77,Flowers on the Moon,49
6dn6x1XOng3LOAnfTjUn77,Lovers On The Moon,49
6dn6x1XOng3LOAnfTjUn77,Foolish,36
6VuMaDnrHyPL1p4EHjYLi7,We Don't Talk Anymore (feat. Selena Gomez),69
6VuMaDnrHyPL1p4EHjYLi7,See You Again (feat. Charlie Puth),83
6VuMaDnrHyPL1p4EHjYLi7,Attention,82
6VuMaDnrHyPL1p4EHjYLi7,Left and Right (Feat. Jung Kook of BTS),78
6VuMaDnrHyPL1p4EHjYLi7,Lose My Breath (Feat. Charlie Puth),79
6VuMaDnrHyPL1p4EHjYLi7,One Call Away,65
6VuMaDnrHyPL1p4EHjYLi7,Light Switch,74
6VuMaDnrHyPL1p4EHjYLi7,Marvin Gaye (feat. Meghan Trainor),58
6VuMaDnrHyPL1p4EHjYLi7,Cheating on You,74
6VuMaDnrHyPL1p4EHjYLi7,Dangerously,57
5ZsFI1h6hIdQRw2ti0hz81,Dusk Till Dawn (feat. Sia) - Radio Edit,81
5ZsFI1h6hIdQRw2ti0hz81,I Don’t Wanna Live Forever (Fifty Shades Darker),81
5ZsFI1h6hIdQRw2ti0hz81,PILLOWTALK,78
5ZsFI1h6hIdQRw2ti0hz81,Trampoline (with ZAYN),67
5ZsFI1h6hIdQRw2ti0hz81,Alienated,71
5ZsFI1h6hIdQRw2ti0hz81,What I Am,70
5ZsFI1h6hIdQRw2ti0hz81,"A Whole New World (End Title) - From ""Aladdin""",62
5ZsFI1h6hIdQRw2ti0hz81,Let Me,65
5ZsFI1h6hIdQRw2ti0hz81,Love Like This,65
5ZsFI1h6hIdQRw2ti0hz81,Sweat,63
2Zi3RrdQqk63Xj0914STkS,Speechless (Full),69
2Zi3RrdQqk63Xj0914STkS,She's So Gone,66
2Zi3RrdQqk63Xj0914STkS,"Determinate - From ""Lemonade Mouth""",64
2Zi3RrdQqk63Xj0914STkS,A Whole New World,63
2Zi3RrdQqk63Xj0914STkS,Turn Up the Music,56
2Zi3RrdQqk63Xj0914STkS,Breakthrough,55
2Zi3RrdQqk63Xj0914STkS,More Than a Band,54
2Zi3RrdQqk63Xj0914STkS,Speechless (Part 1),49
2Zi3RrdQqk63Xj0914STkS,Speechless (Part 2),49
2Zi3RrdQqk63Xj0914STkS,Livin' On a High Wire,46
4UFShyUQuA8dguoZrqX0jQ,Shakes,58
4UFShyUQuA8dguoZrqX0jQ,Close My Eyes,59
4UFShyUQuA8dguoZrqX0jQ,Benny,62
4UFShyUQuA8dguoZrqX0jQ,I'm Still Your Boy,59
4UFShyUQuA8dguoZrqX0jQ,Garden Life,59
4UFShyUQuA8dguoZrqX0jQ,Close Enough To Feel You,57
4UFShyUQuA8dguoZrqX0jQ,Promises,57
4UFShyUQuA8dguoZrqX0jQ,Baby Blue,57
4UFShyUQuA8dguoZrqX0jQ,Saigon,55
4UFShyUQuA8dguoZrqX0jQ,Starting Line,54
4JNfz6aO9ZFz0gp5GY88am,Guys My Age,58
4JNfz6aO9ZFz0gp5GY88am,Hoodie,57
4JNfz6aO9ZFz0gp5GY88am,O.D.D.,53
4JNfz6aO9ZFz0gp5GY88am,Unholy,48
4JNfz6aO9ZFz0gp5GY88am,Better By Myself,48
4JNfz6aO9ZFz0gp5GY88am,Like Lovers Do,47
4JNfz6aO9ZFz0gp5GY88am,Queen Of The Night,42
4JNfz6aO9ZFz0gp5GY88am,Imaginary Friends,40
4JNfz6aO9ZFz0gp5GY88am,Best Imposter,42
4JNfz6aO9ZFz0gp5GY88am,Fuqboi,40
1W7FNibLa0O0b572tB2w7t,At My Worst,71
1W7FNibLa0O0b572tB2w7t,Honesty,69
1W7FNibLa0O0b572tB2w7t,At My Worst (feat. Kehlani),58
1W7FNibLa0O0b572tB2w7t,lavender (feat. Pink Sweat$),63
1W7FNibLa0O0b572tB2w7t,Run Through Fire,62
1W7FNibLa0O0b572tB2w7t,17,56
1W7FNibLa0O0b572tB2w7t,I Feel Good,60
1W7FNibLa0O0b572tB2w7t,Hundred Million Reasons,56
1W7FNibLa0O0b572tB2w7t,Nothing Feels Better,51
1W7FNibLa0O0b572tB2w7t,17 (feat. Joshua and DK of SEVENTEEN),55
6oW9KRAZbC1xOlmg2RRyFL,"The Great Divide (from ""Secret of the Wings"")",45
6oW9KRAZbC1xOlmg2RRyFL,Go,41
6oW9KRAZbC1xOlmg2RRyFL,Sharp as a Razor,18
6oW9KRAZbC1xOlmg2RRyFL,Electronic Apology,20
6oW9KRAZbC1xOlmg2RRyFL,Perfect Mistake,16
6oW9KRAZbC1xOlmg2RRyFL,Jingle Bell Rock,10
28y6CyJNkGNjJQKrlx4AmN,Personal,65
28y6CyJNkGNjJQKrlx4AmN,All Or Nothing,64
28y6CyJNkGNjJQKrlx4AmN,Good Vibes,59
28y6CyJNkGNjJQKrlx4AmN,Don’t Need Your Love,55
28y6CyJNkGNjJQKrlx4AmN,Million Ways,53
28y6CyJNkGNjJQKrlx4AmN,Told You So,52
28y6CyJNkGNjJQKrlx4AmN,Be Okay (with HRVY),39
28y6CyJNkGNjJQKrlx4AmN,1 Day 2 Nights,50
28y6CyJNkGNjJQKrlx4AmN,Younger,49
28y6CyJNkGNjJQKrlx4AmN,I Miss Myself (with HRVY),48
1eBGyqw9kLsidL0q2dimWF,"Cruisin' for a Bruisin' - From ""Teen Beach Movie""/Soundtrack Version",34
1eBGyqw9kLsidL0q2dimWF,"Gotta Be Me - From ""Teen Beach 2""/Soundtrack Version",29
1eBGyqw9kLsidL0q2dimWF,Steal Your Heart,53
1eBGyqw9kLsidL0q2dimWF,Not A Love Song,49
1eBGyqw9kLsidL0q2dimWF,Illusion,49
1eBGyqw9kLsidL0q2dimWF,I Think About You,51
1eBGyqw9kLsidL0q2dimWF,Can’t Do It Without You (Austin & Ally Main Title),47
1eBGyqw9kLsidL0q2dimWF,Double Take,46
1eBGyqw9kLsidL0q2dimWF,A Billion Hits,46
1eBGyqw9kLsidL0q2dimWF,Heard It On The Radio,45
06HL4z0CvFAxyc27GXpf02,Fortnight (feat. Post Malone),96
06HL4z0CvFAxyc27GXpf02,I Can Do It With a Broken Heart,90
06HL4z0CvFAxyc27GXpf02,Down Bad,88
06HL4z0CvFAxyc27GXpf02,Cruel Summer,94
06HL4z0CvFAxyc27GXpf02,"So Long, London",85
06HL4z0CvFAxyc27GXpf02,My Boy Only Breaks His Favorite Toys,85
06HL4z0CvFAxyc27GXpf02,Who’s Afraid of Little Old Me?,84
06HL4z0CvFAxyc27GXpf02,The Tortured Poets Department,85
06HL4z0CvFAxyc27GXpf02,Guilty as Sin?,84
06HL4z0CvFAxyc27GXpf02,But Daddy I Love Him,84
6LuN9FCkKOj5PcnpouEgny,lovely (with Khalid),88
6LuN9FCkKOj5PcnpouEgny,Silence,83
6LuN9FCkKOj5PcnpouEgny,Eastside (with Halsey & Khalid),79
6LuN9FCkKOj5PcnpouEgny,Young Dumb & Broke,82
6LuN9FCkKOj5PcnpouEgny,Better,77
6LuN9FCkKOj5PcnpouEgny,Please Don't Fall In Love With Me,79
6LuN9FCkKOj5PcnpouEgny,Location,77
6LuN9FCkKOj5PcnpouEgny,Numb,77
6LuN9FCkKOj5PcnpouEgny,Beautiful People (feat. Khalid),72
6LuN9FCkKOj5PcnpouEgny,8TEEN,76
1uNFoZAHBGtllmzznpCI3s,STAY (with Justin Bieber),83
1uNFoZAHBGtllmzznpCI3s,Ghost,86
1uNFoZAHBGtllmzznpCI3s,Love Yourself,84
1uNFoZAHBGtllmzznpCI3s,Beauty And A Beat,81
1uNFoZAHBGtllmzznpCI3s,Sorry,83
1uNFoZAHBGtllmzznpCI3s,Baby,82
1uNFoZAHBGtllmzznpCI3s,bad guy,54
1uNFoZAHBGtllmzznpCI3s,Eenie Meenie - Radio Version,60
1uNFoZAHBGtllmzznpCI3s,What Do You Mean?,80
1uNFoZAHBGtllmzznpCI3s,Peaches (feat. Daniel Caesar & Giveon),80
2OTfr6S2kuHRYStjt1IkY6,RAW,52
2OTfr6S2kuHRYStjt1IkY6,Love Song to the Earth,49
2OTfr6S2kuHRYStjt1IkY6,Tripped,43
2OTfr6S2kuHRYStjt1IkY6,BIG GIRLS DON'T CRY - Piano Diaries,39
2OTfr6S2kuHRYStjt1IkY6,Treat Myself,41
2OTfr6S2kuHRYStjt1IkY6,Gold,40
2OTfr6S2kuHRYStjt1IkY6,Only A Stranger,36
2OTfr6S2kuHRYStjt1IkY6,BIG GIRLS DON'T CRY - bachata mix,30
2OTfr6S2kuHRYStjt1IkY6,Last Man Standing,34
2OTfr6S2kuHRYStjt1IkY6,Too F*ckin' Nice,33
4nDoRrQiYLoBzwC5BhVJzF,I LUV IT (feat. Playboi Carti),84
4nDoRrQiYLoBzwC5BhVJzF,Señorita,80
4nDoRrQiYLoBzwC5BhVJzF,Shameless,82
4nDoRrQiYLoBzwC5BhVJzF,Havana (feat. Young Thug),82
4nDoRrQiYLoBzwC5BhVJzF,Bam Bam (feat. Ed Sheeran),72
4nDoRrQiYLoBzwC5BhVJzF,Never Be the Same,77
4nDoRrQiYLoBzwC5BhVJzF,My Oh My (feat. DaBaby),75
4nDoRrQiYLoBzwC5BhVJzF,I Know What You Did Last Summer,73
4nDoRrQiYLoBzwC5BhVJzF,HE KNOWS (feat. Lil Nas X),73
4nDoRrQiYLoBzwC5BhVJzF,South of the Border (feat. Camila Cabello & Cardi B),73
3zOKGDS77tYdGFQ6UJMC4E,Skinny Skinny,37
3zOKGDS77tYdGFQ6UJMC4E,Drive,38
3zOKGDS77tYdGFQ6UJMC4E,Have U Found What Ur Looking For?,35
3zOKGDS77tYdGFQ6UJMC4E,SCAR,34
3zOKGDS77tYdGFQ6UJMC4E,Greyhound,33
3zOKGDS77tYdGFQ6UJMC4E,Matter of Time (Interlude),32
3zOKGDS77tYdGFQ6UJMC4E,Perfect Lie,31
3zOKGDS77tYdGFQ6UJMC4E,I'm to Blame,31
3zOKGDS77tYdGFQ6UJMC4E,Sunshine,30
3zOKGDS77tYdGFQ6UJMC4E,The Sweetness,30
4m4SfDVbF5wxrwEjDKgi4k,Want U Back,62
4m4SfDVbF5wxrwEjDKgi4k,None Of My Business,58
4m4SfDVbF5wxrwEjDKgi4k,I Wish (feat. T.I.),50
4m4SfDVbF5wxrwEjDKgi4k,Oath (feat. Becky G),48
4m4SfDVbF5wxrwEjDKgi4k,Swagger Jagger,36
4m4SfDVbF5wxrwEjDKgi4k,With Ur Love (feat. Juicy J),35
4m4SfDVbF5wxrwEjDKgi4k,Sirens,44
4m4SfDVbF5wxrwEjDKgi4k,One Drink Away,44
4m4SfDVbF5wxrwEjDKgi4k,Baddest,42
4m4SfDVbF5wxrwEjDKgi4k,Lost,38
57WHJIHrjOE3iAxpihhMnp,Back to You (feat. Bebe Rexha & Digital Farm Animals),65
57WHJIHrjOE3iAxpihhMnp,Just Hold On,56
57WHJIHrjOE3iAxpihhMnp,Written All Over Your Face,62
57WHJIHrjOE3iAxpihhMnp,Out Of My System,60
57WHJIHrjOE3iAxpihhMnp,Bigger Than Me,59
57WHJIHrjOE3iAxpihhMnp,Always You,59
57WHJIHrjOE3iAxpihhMnp,Holding On To Heartache,59
57WHJIHrjOE3iAxpihhMnp,Silver Tongues,59
57WHJIHrjOE3iAxpihhMnp,Miss You,59
57WHJIHrjOE3iAxpihhMnp,Chicago,58
5JZ7CnR6gTvEMKX4g70Amv,I Like Me Better,81
5JZ7CnR6gTvEMKX4g70Amv,Steal The Show,75
5JZ7CnR6gTvEMKX4g70Amv,Potential,73
5JZ7CnR6gTvEMKX4g70Amv,Love U Like That,73
5JZ7CnR6gTvEMKX4g70Amv,i'm so tired...,72
5JZ7CnR6gTvEMKX4g70Amv,Mean It,72
5JZ7CnR6gTvEMKX4g70Amv,Run Back To You,70
5JZ7CnR6gTvEMKX4g70Amv,Who,70
5JZ7CnR6gTvEMKX4g70Amv,Paris in the Rain,69
5JZ7CnR6gTvEMKX4g70Amv,All 4 Nothing (I'm So In Love),65
60wslYioiBcxSTInM4nIy2,Nobody Like U,67
60wslYioiBcxSTInM4nIy2,U Know What's Up,60
60wslYioiBcxSTInM4nIy2,You're Welcome - Jordan Fisher/Lin-Manuel Miranda Version,56
60wslYioiBcxSTInM4nIy2,1 True Love,55
60wslYioiBcxSTInM4nIy2,Gotta Be Me,53
60wslYioiBcxSTInM4nIy2,Happily Ever After - Full Version,51
60wslYioiBcxSTInM4nIy2,That's How We Do,50
60wslYioiBcxSTInM4nIy2,True Love - Piano Duet,49
60wslYioiBcxSTInM4nIy2,The Ballad of Sweeney Todd,33
60wslYioiBcxSTInM4nIy2,Pandas Unite / Nobody Like U (Reprise),46
7gbmX8SsfjEjxDMzBi1ZOL,"This Is Me - From ""Camp Rock""",52
7gbmX8SsfjEjxDMzBi1ZOL,"Wouldn't Change a Thing - From ""Camp Rock 2: The Final Jam""",59
7gbmX8SsfjEjxDMzBi1ZOL,"Gotta Find You - From ""Camp Rock""/Soundtrack Version",46
7gbmX8SsfjEjxDMzBi1ZOL,"This is Our Song - From ""Camp Rock 2: The Final Jam""",51
7gbmX8SsfjEjxDMzBi1ZOL,"Heart and Soul - From ""Camp Rock 2: The Final Jam""",47
7gbmX8SsfjEjxDMzBi1ZOL,"You're My Favorite Song - From ""Camp Rock 2: The Final Jam""",46
7gbmX8SsfjEjxDMzBi1ZOL,"What We Came Here For - From ""Camp Rock 2: The Final Jam""",42
7gbmX8SsfjEjxDMzBi1ZOL,"It's Party Time (From ""Hotel Transylvania 3"")",41
7gbmX8SsfjEjxDMzBi1ZOL,See No More,31
7gbmX8SsfjEjxDMzBi1ZOL,Just In Love,27
6KImCVD70vtIoJWnq6nGn3,As It Was,92
6KImCVD70vtIoJWnq6nGn3,Watermelon Sugar,88
6KImCVD70vtIoJWnq6nGn3,Adore You,84
6KImCVD70vtIoJWnq6nGn3,Sign of the Times,83
6KImCVD70vtIoJWnq6nGn3,Late Night Talking,83
6KImCVD70vtIoJWnq6nGn3,Falling,82
6KImCVD70vtIoJWnq6nGn3,Matilda,78
6KImCVD70vtIoJWnq6nGn3,Fine Line,78
6KImCVD70vtIoJWnq6nGn3,Golden,77
6KImCVD70vtIoJWnq6nGn3,Satellite,77
6aX6KqXgEcARRHwvWxHcFW,What If (I Told You I Like You),64
6aX6KqXgEcARRHwvWxHcFW,someone will love you better,54
6aX6KqXgEcARRHwvWxHcFW,Wait For You,55
6aX6KqXgEcARRHwvWxHcFW,Vegas,54
6aX6KqXgEcARRHwvWxHcFW,Everybody Wants You,50
6aX6KqXgEcARRHwvWxHcFW,See You,49
6aX6KqXgEcARRHwvWxHcFW,Boyfriend,45
6aX6KqXgEcARRHwvWxHcFW,UNTOUCHED,47
6aX6KqXgEcARRHwvWxHcFW,someone will love you better - Zack Tabudlo Version,47
6aX6KqXgEcARRHwvWxHcFW,Adelaide,47
6T5tfhQCknKG4UnH90qGnz,Cake By The Ocean,82
6T5tfhQCknKG4UnH90qGnz,Dancing Feet (feat. DNCE),59
6T5tfhQCknKG4UnH90qGnz,Toothbrush,65
6T5tfhQCknKG4UnH90qGnz,Kissing Strangers,58
6T5tfhQCknKG4UnH90qGnz,Truthfully,57
6T5tfhQCknKG4UnH90qGnz,Move,53
6T5tfhQCknKG4UnH90qGnz,Body Moves,52
6T5tfhQCknKG4UnH90qGnz,Got Me Good,51
6T5tfhQCknKG4UnH90qGnz,DANCE,48
6T5tfhQCknKG4UnH90qGnz,What's Love Got To Do With It,46
1Xylc3o4UrD53lo9CvFvVg,Lush Life,84
1Xylc3o4UrD53lo9CvFvVg,Symphony (feat. Zara Larsson),77
1Xylc3o4UrD53lo9CvFvVg,On My Love,68
1Xylc3o4UrD53lo9CvFvVg,Words (feat. Zara Larsson),78
1Xylc3o4UrD53lo9CvFvVg,Never Forget You,73
1Xylc3o4UrD53lo9CvFvVg,Can't Tame Her,65
1Xylc3o4UrD53lo9CvFvVg,You Love Who You Love,61
1Xylc3o4UrD53lo9CvFvVg,Ain't My Fault,68
1Xylc3o4UrD53lo9CvFvVg,Memory Lane,67
1Xylc3o4UrD53lo9CvFvVg,Ruin My Life,62
1QRj3hoop9Mv5VvHQkwPEp,Complicated,70
1QRj3hoop9Mv5VvHQkwPEp,hate u love u,67
1QRj3hoop9Mv5VvHQkwPEp,Josslyn,59
1QRj3hoop9Mv5VvHQkwPEp,blip,53
1QRj3hoop9Mv5VvHQkwPEp,Bitch Back (feat. FLETCHER),53
1QRj3hoop9Mv5VvHQkwPEp,Empty,46
1QRj3hoop9Mv5VvHQkwPEp,Caught Up (with Olivia O'Brien),47
1QRj3hoop9Mv5VvHQkwPEp,Fuck Feelings,51
1QRj3hoop9Mv5VvHQkwPEp,Love Myself,50
1QRj3hoop9Mv5VvHQkwPEp,glimpse of me,49
2jnIB6XdLvnJUeNTy5A0J2,8 Letters,74
2jnIB6XdLvnJUeNTy5A0J2,Don’t Wake Me Up,68
2jnIB6XdLvnJUeNTy5A0J2,Fallin’ (Adrenaline),61
2jnIB6XdLvnJUeNTy5A0J2,What Am I,60
2jnIB6XdLvnJUeNTy5A0J2,Big Plans,54
2jnIB6XdLvnJUeNTy5A0J2,Hooked,62
2jnIB6XdLvnJUeNTy5A0J2,Trust Fund Baby,62
2jnIB6XdLvnJUeNTy5A0J2,How Do You Love Somebody,57
2jnIB6XdLvnJUeNTy5A0J2,Love Back,57
2jnIB6XdLvnJUeNTy5A0J2,I Don't Belong In This Club,48
5YGY8feqx7naU7z4HrwZM6,Flowers,91
5YGY8feqx7naU7z4HrwZM6,Party In The U.S.A.,78
5YGY8feqx7naU7z4HrwZM6,II MOST WANTED,74
5YGY8feqx7naU7z4HrwZM6,Angels Like You,84
5YGY8feqx7naU7z4HrwZM6,Wrecking Ball,81
5YGY8feqx7naU7z4HrwZM6,Nothing Breaks Like a Heart (feat. Miley Cyrus),75
5YGY8feqx7naU7z4HrwZM6,We Can't Stop,79
5YGY8feqx7naU7z4HrwZM6,Used To Be Young,77
5YGY8feqx7naU7z4HrwZM6,The Climb,54
5YGY8feqx7naU7z4HrwZM6,Doctor (Work It Out) [feat. Miley Cyrus],76
5IH6FPUwQTxPSXurCrcIov,Let Me Down Slowly,86
5IH6FPUwQTxPSXurCrcIov,If We Have Each Other,78
5IH6FPUwQTxPSXurCrcIov,Water Fountain,75
5IH6FPUwQTxPSXurCrcIov,Devil Doesn’t Bargain,73
5IH6FPUwQTxPSXurCrcIov,If I Killed Someone For You,71
5IH6FPUwQTxPSXurCrcIov,Boy In The Bubble,69
5IH6FPUwQTxPSXurCrcIov,Sacrifice Tomorrow,56
5IH6FPUwQTxPSXurCrcIov,I Sent My Therapist To Therapy,52
5IH6FPUwQTxPSXurCrcIov,King Size Bed,52
5IH6FPUwQTxPSXurCrcIov,Let Me Down Slowly (feat. Alessia Cara),65
5aptPwTkTKmlPx6csmNJLA,Heart Made Up On You,42
5aptPwTkTKmlPx6csmNJLA,(I Can't) Forget About You,45
5aptPwTkTKmlPx6csmNJLA,Smile,42
5aptPwTkTKmlPx6csmNJLA,I Feel The Love,48
5aptPwTkTKmlPx6csmNJLA,Pass Me By,42
5aptPwTkTKmlPx6csmNJLA,All Night,41
5aptPwTkTKmlPx6csmNJLA,Loud,37
5aptPwTkTKmlPx6csmNJLA,Hurts Good,41
5aptPwTkTKmlPx6csmNJLA,Let's Not Be Alone Tonight,36
5aptPwTkTKmlPx6csmNJLA,F.E.E.L.G.O.O.D.,33
3iri9nBFs9e4wN7PLIetAw,"i hate u, i love u (feat. olivia o'brien)",76
3iri9nBFs9e4wN7PLIetAw,Lights Down Low,24
3iri9nBFs9e4wN7PLIetAw,imagine if,60
3iri9nBFs9e4wN7PLIetAw,the broken hearts club,51
3iri9nBFs9e4wN7PLIetAw,I Wanna Feel Good,51
3iri9nBFs9e4wN7PLIetAw,Lights Down Low,47
3iri9nBFs9e4wN7PLIetAw,feelings fade,46
3iri9nBFs9e4wN7PLIetAw,lonely again,44
3iri9nBFs9e4wN7PLIetAw,Do U Love Me?,42
3iri9nBFs9e4wN7PLIetAw,"i hate u, i love u (feat. olivia o'brien) - Deepend Remix",40
26VFTg2z8YR0cCuwLzESi2,Closer,86
26VFTg2z8YR0cCuwLzESi2,Without Me,81
26VFTg2z8YR0cCuwLzESi2,Eastside (with Halsey & Khalid),79
26VFTg2z8YR0cCuwLzESi2,Him & I (with Halsey),78
26VFTg2z8YR0cCuwLzESi2,Boy With Luv (feat. Halsey),76
26VFTg2z8YR0cCuwLzESi2,Walls Could Talk,73
26VFTg2z8YR0cCuwLzESi2,Bad At Love,73
26VFTg2z8YR0cCuwLzESi2,Be Kind (with Halsey),73
26VFTg2z8YR0cCuwLzESi2,Gasoline,71
26VFTg2z8YR0cCuwLzESi2,Could Have Been Me,71
4Uc8Dsxct0oMqx0P6i60ea,Heather,86
4Uc8Dsxct0oMqx0P6i60ea,Memories,78
4Uc8Dsxct0oMqx0P6i60ea,Maniac,78
4Uc8Dsxct0oMqx0P6i60ea,People Watching,76
4Uc8Dsxct0oMqx0P6i60ea,Astronomy,73
4Uc8Dsxct0oMqx0P6i60ea,Alley Rose,70
4Uc8Dsxct0oMqx0P6i60ea,Family Line,73
4Uc8Dsxct0oMqx0P6i60ea,Bourgeoisieses,73
4Uc8Dsxct0oMqx0P6i60ea,The Cut That Always Bleeds,73
4Uc8Dsxct0oMqx0P6i60ea,Wish You Were Sober,72
188VINPQh5dyNfLUkevKqf,History,50
188VINPQh5dyNfLUkevKqf,Had Me @ Hello,49
188VINPQh5dyNfLUkevKqf,a song to make out to,49
188VINPQh5dyNfLUkevKqf,Fearless,45
188VINPQh5dyNfLUkevKqf,You've Got a Friend in Me,42
188VINPQh5dyNfLUkevKqf,Phoenix,41
188VINPQh5dyNfLUkevKqf,Nothing’s Gonna Stop Me Now,38
188VINPQh5dyNfLUkevKqf,16 Steps,35
188VINPQh5dyNfLUkevKqf,Next,35
188VINPQh5dyNfLUkevKqf,talk me out of it,35
6sCbFbEjbYepqswM1vWjjs,Rewrite The Stars,73
6sCbFbEjbYepqswM1vWjjs,All For Us,71
6sCbFbEjbYepqswM1vWjjs,The Greatest Show,61
6sCbFbEjbYepqswM1vWjjs,Come Alive,69
6sCbFbEjbYepqswM1vWjjs,I’m Tired (with Zendaya) - Bonus Track,59
6sCbFbEjbYepqswM1vWjjs,Replay,65
6sCbFbEjbYepqswM1vWjjs,"Elliot's Song - From ""Euphoria"" An HBO Original Series",62
6sCbFbEjbYepqswM1vWjjs,Something New,56
6sCbFbEjbYepqswM1vWjjs,Neverland,49
6sCbFbEjbYepqswM1vWjjs,Wonderful Life,40
6jJ0s89eD6GaHleKKya26X,Last Friday Night (T.G.I.F.),76
6jJ0s89eD6GaHleKKya26X,Dark Horse,80
6jJ0s89eD6GaHleKKya26X,Hot N Cold,72
6jJ0s89eD6GaHleKKya26X,Wide Awake,75
6jJ0s89eD6GaHleKKya26X,Firework,72
6jJ0s89eD6GaHleKKya26X,The One That Got Away,71
6jJ0s89eD6GaHleKKya26X,California Gurls,73
6jJ0s89eD6GaHleKKya26X,Roar,79
6jJ0s89eD6GaHleKKya26X,Teenage Dream,75
6jJ0s89eD6GaHleKKya26X,I Kissed A Girl,71
6SvFyXN6qzhw95Bj4HoevV,What's My Name,67
6SvFyXN6qzhw95Bj4HoevV,It's Goin' Down,63
6SvFyXN6qzhw95Bj4HoevV,Night Falls,63
6SvFyXN6qzhw95Bj4HoevV,One Kiss,61
6SvFyXN6qzhw95Bj4HoevV,"What's My Name (Red Version) - From ""Descendants: The Rise of Red""/Soundtrack Version",58
6SvFyXN6qzhw95Bj4HoevV,Break This Down,57
6SvFyXN6qzhw95Bj4HoevV,Calling All the Monsters,44
6SvFyXN6qzhw95Bj4HoevV,We Own the Night/Night Falls Mashup,48
6SvFyXN6qzhw95Bj4HoevV,"Good Is the New Bad - From ""Descendants: Wicked World""",47
6SvFyXN6qzhw95Bj4HoevV,Rotten to the Core (D3 Remix),48
5Y8eJDj37KhaEeqbVO7Ag1,Eyes Off You,61
5Y8eJDj37KhaEeqbVO7Ag1,Phases,60
5Y8eJDj37KhaEeqbVO7Ag1,Summer on You,55
5Y8eJDj37KhaEeqbVO7Ag1,Me Necesita,54
5Y8eJDj37KhaEeqbVO7Ag1,Up to You (feat. NCT DREAM),53
5Y8eJDj37KhaEeqbVO7Ag1,Lying (feat. Lil Tjay),49
5Y8eJDj37KhaEeqbVO7Ag1,Would You Mind,48
5Y8eJDj37KhaEeqbVO7Ag1,Solita (feat. Rich The Kid),46
5Y8eJDj37KhaEeqbVO7Ag1,Open Arms,44
5Y8eJDj37KhaEeqbVO7Ag1,Gone 2 Long,41
5bmqhxWk9SEFDGIzWpSjVJ,A Kiss,63
5bmqhxWk9SEFDGIzWpSjVJ,Get Off My Phone,60
5bmqhxWk9SEFDGIzWpSjVJ,Rumors,58
5bmqhxWk9SEFDGIzWpSjVJ,Afterglow,57
5bmqhxWk9SEFDGIzWpSjVJ,Malibu,54
5bmqhxWk9SEFDGIzWpSjVJ,Heaven Angel,54
5bmqhxWk9SEFDGIzWpSjVJ,Preacher Man,53
5bmqhxWk9SEFDGIzWpSjVJ,Fantasy,53
5bmqhxWk9SEFDGIzWpSjVJ,Heart of Mine,54
5bmqhxWk9SEFDGIzWpSjVJ,Low,52
2WuKU0SYZOQyY3MmE4vtez,Know Me Too Well,40
2WuKU0SYZOQyY3MmE4vtez,Somebody That You Loved,46
2WuKU0SYZOQyY3MmE4vtez,Love Again,33
2WuKU0SYZOQyY3MmE4vtez,Can't Lose This Fight,44
2WuKU0SYZOQyY3MmE4vtez,Permission,27
2WuKU0SYZOQyY3MmE4vtez,Super Chic,43
2WuKU0SYZOQyY3MmE4vtez,Just Don't Know It Yet,41
2WuKU0SYZOQyY3MmE4vtez,Fixed,28
2WuKU0SYZOQyY3MmE4vtez,Medicine,26
2WuKU0SYZOQyY3MmE4vtez,L.U.S.H.,40
6S2OmqARrzebs0tKUEyXyp,Heart Attack,80
6S2OmqARrzebs0tKUEyXyp,Cool for the Summer,77
6S2OmqARrzebs0tKUEyXyp,Échame La Culpa,74
6S2OmqARrzebs0tKUEyXyp,Solo (feat. Demi Lovato),70
6S2OmqARrzebs0tKUEyXyp,Sorry Not Sorry,74
6S2OmqARrzebs0tKUEyXyp,Confident,72
6S2OmqARrzebs0tKUEyXyp,Really Don't Care,70
6S2OmqARrzebs0tKUEyXyp,Give Your Heart a Break,69
6S2OmqARrzebs0tKUEyXyp,"This Is Me - From ""Camp Rock""",52
6S2OmqARrzebs0tKUEyXyp,Stone Cold,64
7bp2lSdh12wcA8LyB1srfJ,Rotten to the Core,66
7bp2lSdh12wcA8LyB1srfJ,Come Back Home,66
7bp2lSdh12wcA8LyB1srfJ,Chillin' Like a Villain,65
7bp2lSdh12wcA8LyB1srfJ,Ways to Be Wicked,63
7bp2lSdh12wcA8LyB1srfJ,It's Goin' Down,63
7bp2lSdh12wcA8LyB1srfJ,Night Falls,63
7bp2lSdh12wcA8LyB1srfJ,Space Between,62
7bp2lSdh12wcA8LyB1srfJ,One Kiss,61
7bp2lSdh12wcA8LyB1srfJ,Good to Be Bad,59
7bp2lSdh12wcA8LyB1srfJ,You and Me,60
5p7f24Rk5HkUZsaS3BLG5F,Starving,74
5p7f24Rk5HkUZsaS3BLG5F,"Let Me Go (with Alesso, Florida Georgia Line & watt)",74
5p7f24Rk5HkUZsaS3BLG5F,Love Myself,69
5p7f24Rk5HkUZsaS3BLG5F,Capital Letters,67
5p7f24Rk5HkUZsaS3BLG5F,Coast (feat. Anderson .Paak),66
5p7f24Rk5HkUZsaS3BLG5F,Most Girls,66
5p7f24Rk5HkUZsaS3BLG5F,Rock Bottom,61
5p7f24Rk5HkUZsaS3BLG5F,Wrong Direction,60
5p7f24Rk5HkUZsaS3BLG5F,"Flashlight (Sweet Life Mix) - From ""Pitch Perfect 2"" Soundtrack",56
5p7f24Rk5HkUZsaS3BLG5F,I Love You's,56
5xkAtLTf309LAGZTbvULBn,Painkiller,65
5xkAtLTf309LAGZTbvULBn,Want U Around (feat. Ruel),63
5xkAtLTf309LAGZTbvULBn,Dazed & Confused,61
5xkAtLTf309LAGZTbvULBn,GROWING UP IS _____,56
5xkAtLTf309LAGZTbvULBn,Face To Face,57
5xkAtLTf309LAGZTbvULBn,Hard Sometimes,56
5xkAtLTf309LAGZTbvULBn,golden hour - Ruel Remix,56
5xkAtLTf309LAGZTbvULBn,Younger,55
5xkAtLTf309LAGZTbvULBn,What A Life,52
5xkAtLTf309LAGZTbvULBn,We’re A Pair Of Diamonds,53
6M2wZ9GZgrQXHCFfjv46we,Training Season,79
6M2wZ9GZgrQXHCFfjv46we,Houdini,79
6M2wZ9GZgrQXHCFfjv46we,Illusion,79
6M2wZ9GZgrQXHCFfjv46we,Cold Heart - PNAU Remix,70
6M2wZ9GZgrQXHCFfjv46we,Dance The Night - From Barbie The Album,86
6M2wZ9GZgrQXHCFfjv46we,One Kiss (with Dua Lipa),86
6M2wZ9GZgrQXHCFfjv46we,Don't Start Now,82
6M2wZ9GZgrQXHCFfjv46we,Levitating (feat. DaBaby),81
6M2wZ9GZgrQXHCFfjv46we,These Walls,83
6M2wZ9GZgrQXHCFfjv46we,New Rules,81
4UxLFBvSr4xMDpHe1lrLrH,On My Own,65
4UxLFBvSr4xMDpHe1lrLrH,"Cruisin' for a Bruisin' - From ""Teen Beach Movie""/Soundtrack Version",64
4UxLFBvSr4xMDpHe1lrLrH,Get Off My Phone,60
4UxLFBvSr4xMDpHe1lrLrH,"Can't Stop Singing - From ""Teen Beach Movie""/Soundtrack Version",58
4UxLFBvSr4xMDpHe1lrLrH,Rumors,58
4UxLFBvSr4xMDpHe1lrLrH,Malibu,54
4UxLFBvSr4xMDpHe1lrLrH,"Like Me - From ""Teen Beach Movie""/Soundtrack Version",56
4UxLFBvSr4xMDpHe1lrLrH,Heaven Angel,54
4UxLFBvSr4xMDpHe1lrLrH,Gotta Be Me,53
4UxLFBvSr4xMDpHe1lrLrH,"Meant to Be - From ""Teen Beach Movie""/Soundtrack Version",51
7gOdHgIoIKoe4i9Tta6qdD,Leave Before You Love Me (with Jonas Brothers),82
7gOdHgIoIKoe4i9Tta6qdD,Sucker,80
7gOdHgIoIKoe4i9Tta6qdD,Waffle House,70
7gOdHgIoIKoe4i9Tta6qdD,Do It Like That,68
7gOdHgIoIKoe4i9Tta6qdD,Only Human,71
7gOdHgIoIKoe4i9Tta6qdD,What A Man Gotta Do,70
7gOdHgIoIKoe4i9Tta6qdD,Burnin' Up,70
7gOdHgIoIKoe4i9Tta6qdD,Strong Enough (feat. Bailey Zimmerman),67
7gOdHgIoIKoe4i9Tta6qdD,Year 3000,60
7gOdHgIoIKoe4i9Tta6qdD,S.O.S.,65
7n2wHs1TKAczGzO7Dd2rGr,There's Nothing Holdin' Me Back,86
7n2wHs1TKAczGzO7Dd2rGr,Treat You Better,85
7n2wHs1TKAczGzO7Dd2rGr,Señorita,80
7n2wHs1TKAczGzO7Dd2rGr,Stitches,75
7n2wHs1TKAczGzO7Dd2rGr,Mercy,80
7n2wHs1TKAczGzO7Dd2rGr,If I Can't Have You,73
7n2wHs1TKAczGzO7Dd2rGr,Wonder,70
7n2wHs1TKAczGzO7Dd2rGr,In My Blood,73
7n2wHs1TKAczGzO7Dd2rGr,I Know What You Did Last Summer,73
7n2wHs1TKAczGzO7Dd2rGr,When You're Gone,73
1o2NpYGqHiCq7FoiYdyd1x,like that,65
1o2NpYGqHiCq7FoiYdyd1x,Playground (from the series Arcane League of Legends),61
1o2NpYGqHiCq7FoiYdyd1x,THAT BITCH,64
1o2NpYGqHiCq7FoiYdyd1x,feel something,64
1o2NpYGqHiCq7FoiYdyd1x,I Wanna Know (feat. Bea Miller),64
1o2NpYGqHiCq7FoiYdyd1x,S.L.U.T.,63
1o2NpYGqHiCq7FoiYdyd1x,We Can't Stop,62
1o2NpYGqHiCq7FoiYdyd1x,FEEL SOMETHING DIFFERENT,53
1o2NpYGqHiCq7FoiYdyd1x,it's not u it's me,54
1o2NpYGqHiCq7FoiYdyd1x,Fire N Gold,49
2ftL3sXW7KDOBfVda7IXyA,Hey Jessie,47
2ftL3sXW7KDOBfVda7IXyA,We Got The Beat,35
2ftL3sXW7KDOBfVda7IXyA,A Wish Comes True Every Day,27
2ftL3sXW7KDOBfVda7IXyA,"Best Year - From ""Jessie""",26
2ftL3sXW7KDOBfVda7IXyA,We Ended Right (feat. Chad Hively & Chase Ryan),26
2ftL3sXW7KDOBfVda7IXyA,Hakuna Matata,17
2ftL3sXW7KDOBfVda7IXyA,Made Of Matches (TV Version),11
1Hsdzj7Dlq2I7tHP7501T4,This Town,80
1Hsdzj7Dlq2I7tHP7501T4,Slow Hands,77
1Hsdzj7Dlq2I7tHP7501T4,Heaven,75
1Hsdzj7Dlq2I7tHP7501T4,Moral of the Story (feat. Niall Horan) - Bonus Track,69
1Hsdzj7Dlq2I7tHP7501T4,Put A Little Love On Me,67
1Hsdzj7Dlq2I7tHP7501T4,Meltdown,67
1Hsdzj7Dlq2I7tHP7501T4,Nice To Meet Ya,64
1Hsdzj7Dlq2I7tHP7501T4,Black And White,66
1Hsdzj7Dlq2I7tHP7501T4,Our Song,62
1Hsdzj7Dlq2I7tHP7501T4,Too Much To Ask,65
58AqJv0sDFPFnnBcLT8eeX,Walk with Me (Single from the Midnight Sun Original Motion Picture Soundtrack),42
58AqJv0sDFPFnnBcLT8eeX,TTYLXOX,43
58AqJv0sDFPFnnBcLT8eeX,Watch Me,37
58AqJv0sDFPFnnBcLT8eeX,Burn So Bright (Single from Midnight Sun Soundtrack),33
58AqJv0sDFPFnnBcLT8eeX,Up In Flames (Single from “Time Is Up” Soundtrack),39
58AqJv0sDFPFnnBcLT8eeX,"Fashion Is My Kryptonite (from ""Shake It Up: Made In Japan"")",33
58AqJv0sDFPFnnBcLT8eeX,Contagious Love,26
58AqJv0sDFPFnnBcLT8eeX,Sweetest Feeling,31
58AqJv0sDFPFnnBcLT8eeX,Call It Whatever,30
58AqJv0sDFPFnnBcLT8eeX,Just Call (feat. Bella Thorne),30
0ZED1XzwlLHW4ZaG4lOT6m,If the World Was Ending (feat. Julia Michaels),74
0ZED1XzwlLHW4ZaG4lOT6m,What A Time (feat. Niall Horan),77
0ZED1XzwlLHW4ZaG4lOT6m,Issues,75
0ZED1XzwlLHW4ZaG4lOT6m,Hurt Somebody,73
0ZED1XzwlLHW4ZaG4lOT6m,Heaven,68
0ZED1XzwlLHW4ZaG4lOT6m,I Miss You (feat. Julia Michaels),66
0ZED1XzwlLHW4ZaG4lOT6m,GONE,66
0ZED1XzwlLHW4ZaG4lOT6m,In A Perfect World (with Julia Michaels),62
0ZED1XzwlLHW4ZaG4lOT6m,There's No Way (feat. Julia Michaels),62
0ZED1XzwlLHW4ZaG4lOT6m,A Wish Worth Making,59
5GuEFqVXxQsqJtjGqoFWvf,What Time Is It,57
5GuEFqVXxQsqJtjGqoFWvf,The Boys Are Back,56
5GuEFqVXxQsqJtjGqoFWvf,Push It to the Limit,49
5GuEFqVXxQsqJtjGqoFWvf,If We Were A Movie,48
5GuEFqVXxQsqJtjGqoFWvf,Different Way to Dance,29
5GuEFqVXxQsqJtjGqoFWvf,Run It Back Again,18
5GuEFqVXxQsqJtjGqoFWvf,Deal With It,25
5GuEFqVXxQsqJtjGqoFWvf,Get'cha Head in the Game,24
5GuEFqVXxQsqJtjGqoFWvf,Celebrate You,23
5GuEFqVXxQsqJtjGqoFWvf,Too Darn Hot,22
0C8ZW7ezQVs4URX5aX7Kqx,Calm Down (with Selena Gomez),77
0C8ZW7ezQVs4URX5aX7Kqx,Lose You To Love Me,79
0C8ZW7ezQVs4URX5aX7Kqx,It Ain’t Me (with Selena Gomez),67
0C8ZW7ezQVs4URX5aX7Kqx,Single Soon,78
0C8ZW7ezQVs4URX5aX7Kqx,Wolves,77
0C8ZW7ezQVs4URX5aX7Kqx,Love On,77
0C8ZW7ezQVs4URX5aX7Kqx,People You Know,76
0C8ZW7ezQVs4URX5aX7Kqx,Back To You - From 13 Reasons Why – Season 2 Soundtrack,73
0C8ZW7ezQVs4URX5aX7Kqx,Fetish (feat. Gucci Mane),73
0C8ZW7ezQVs4URX5aX7Kqx,Same Old Love,66
1zNqDE7qDGCsyzJwohVaoX,Baby Don't Hurt Me,85
1zNqDE7qDGCsyzJwohVaoX,Rewrite The Stars (with James Arthur & Anne-Marie),79
1zNqDE7qDGCsyzJwohVaoX,2002,79
1zNqDE7qDGCsyzJwohVaoX,FRIENDS,77
1zNqDE7qDGCsyzJwohVaoX,UNHEALTHY (feat. Shania Twain),66
1zNqDE7qDGCsyzJwohVaoX,Our Song,62
1zNqDE7qDGCsyzJwohVaoX,Ciao Adios,64
1zNqDE7qDGCsyzJwohVaoX,Alarm,64
1zNqDE7qDGCsyzJwohVaoX,The Idea of You,61
1zNqDE7qDGCsyzJwohVaoX,PSYCHO,55
00FQb4jTyendYWaN8pK0wa,Summertime Sadness,76
00FQb4jTyendYWaN8pK0wa,Say Yes To Heaven,86
00FQb4jTyendYWaN8pK0wa,Young And Beautiful,86
00FQb4jTyendYWaN8pK0wa,West Coast,84
00FQb4jTyendYWaN8pK0wa,Radio,73
00FQb4jTyendYWaN8pK0wa,Cinnamon Girl,83
00FQb4jTyendYWaN8pK0wa,Video Games,73
00FQb4jTyendYWaN8pK0wa,Let The Light In (feat. Father John Misty),82
00FQb4jTyendYWaN8pK0wa,Brooklyn Baby,81
00FQb4jTyendYWaN8pK0wa,Diet Mountain Dew,71
6Dd3NScHWwnW6obMFbl1BH,Hide Away,82
6Dd3NScHWwnW6obMFbl1BH,Don't Let Me Down,82
6Dd3NScHWwnW6obMFbl1BH,"Sit Still, Look Pretty",75
6Dd3NScHWwnW6obMFbl1BH,Heart over Mind,61
6Dd3NScHWwnW6obMFbl1BH,Feel Good (with Daya),64
6Dd3NScHWwnW6obMFbl1BH,Hide Away (Alan Walker Remix),63
6Dd3NScHWwnW6obMFbl1BH,New,61
6Dd3NScHWwnW6obMFbl1BH,Don't Let Me Down (feat. Daya) - Illenium Remix,61
6Dd3NScHWwnW6obMFbl1BH,Insomnia,60
6Dd3NScHWwnW6obMFbl1BH,I Wanna Know,58
64M6ah0SkkRsnPGtGiRAbb,I'm Good (Blue),89
64M6ah0SkkRsnPGtGiRAbb,In the Name of Love,81
64M6ah0SkkRsnPGtGiRAbb,Meant to Be (feat. Florida Georgia Line),72
64M6ah0SkkRsnPGtGiRAbb,"Me, Myself & I",77
64M6ah0SkkRsnPGtGiRAbb,Deep In Your Love,76
64M6ah0SkkRsnPGtGiRAbb,One in a Million,75
64M6ah0SkkRsnPGtGiRAbb,Say My Name,66
64M6ah0SkkRsnPGtGiRAbb,I'm a Mess,71
64M6ah0SkkRsnPGtGiRAbb,If Only I (feat. Bebe Rexha),67
64M6ah0SkkRsnPGtGiRAbb,"Home (with Machine Gun Kelly, X Ambassadors & Bebe Rexha)",70
2W8yFh0Ga6Yf3jiayVxwkE,Boyfriend,74
2W8yFh0Ga6Yf3jiayVxwkE,Breakfast,66
2W8yFh0Ga6Yf3jiayVxwkE,If Only,69
2W8yFh0Ga6Yf3jiayVxwkE,Rotten to the Core,66
2W8yFh0Ga6Yf3jiayVxwkE,We Go Down Together (with Khalid),64
2W8yFh0Ga6Yf3jiayVxwkE,Ways to Be Wicked,63
2W8yFh0Ga6Yf3jiayVxwkE,Other Boys,63
2W8yFh0Ga6Yf3jiayVxwkE,It's Goin' Down,63
2W8yFh0Ga6Yf3jiayVxwkE,Night Falls,63
2W8yFh0Ga6Yf3jiayVxwkE,Space Between,62
5Rl15oVamLq7FbSb0NNBNy,Youngblood,82
5Rl15oVamLq7FbSb0NNBNy,Teeth,77
5Rl15oVamLq7FbSb0NNBNy,Lighter,69
5Rl15oVamLq7FbSb0NNBNy,She Looks So Perfect,71
5Rl15oVamLq7FbSb0NNBNy,Ghost Of You,70
5Rl15oVamLq7FbSb0NNBNy,Amnesia,60
5Rl15oVamLq7FbSb0NNBNy,Easier,67
5Rl15oVamLq7FbSb0NNBNy,Who Do You Love,67
5Rl15oVamLq7FbSb0NNBNy,She's Kinda Hot,64
5Rl15oVamLq7FbSb0NNBNy,"Me, Myself & I",63
66CXWjxzNUsdJxJ2JdwvnR,we can't be friends (wait for your love),94
66CXWjxzNUsdJxJ2JdwvnR,intro (end of the world),89
66CXWjxzNUsdJxJ2JdwvnR,"yes, and?",83
66CXWjxzNUsdJxJ2JdwvnR,the boy is mine,87
66CXWjxzNUsdJxJ2JdwvnR,bye,85
66CXWjxzNUsdJxJ2JdwvnR,Die For You (with Ariana Grande) - Remix,80
66CXWjxzNUsdJxJ2JdwvnR,Save Your Tears (Remix) (with Ariana Grande) - Bonus Track,80
66CXWjxzNUsdJxJ2JdwvnR,eternal sunshine,83
66CXWjxzNUsdJxJ2JdwvnR,7 rings,83
66CXWjxzNUsdJxJ2JdwvnR,One Last Time,83
3WGpXCj9YhhfX11TToZcXP,Rush,81
3WGpXCj9YhhfX11TToZcXP,One Of Your Girls,79
3WGpXCj9YhhfX11TToZcXP,Got Me Started,77
3WGpXCj9YhhfX11TToZcXP,Angel Baby,74
3WGpXCj9YhhfX11TToZcXP,Strawberries & Cigarettes,76
3WGpXCj9YhhfX11TToZcXP,supernatural (with Troye Sivan),75
3WGpXCj9YhhfX11TToZcXP,i'm so tired...,72
3WGpXCj9YhhfX11TToZcXP,YOUTH,61
3WGpXCj9YhhfX11TToZcXP,You,69
3WGpXCj9YhhfX11TToZcXP,Better Place (Family Harmony),69
1INuLZXjjVbcJRyWvD1iSq,Rise,70
1INuLZXjjVbcJRyWvD1iSq,Like That (Jack's Version),59
1INuLZXjjVbcJRyWvD1iSq,No One Compares To You,58
1INuLZXjjVbcJRyWvD1iSq,2 Cigarettes,46
1INuLZXjjVbcJRyWvD1iSq,Day Dreaming,47
1INuLZXjjVbcJRyWvD1iSq,Stuttering,43
1INuLZXjjVbcJRyWvD1iSq,Rise - Retrovision Remix,43
1INuLZXjjVbcJRyWvD1iSq,Beg,41
1INuLZXjjVbcJRyWvD1iSq,Lotta Love,41
1INuLZXjjVbcJRyWvD1iSq,Wild Life,41
4VhL8KLjVso4vLfOLVViTb,Ready or Not,70
4VhL8KLjVso4vLfOLVViTb,Hurricane,69
4VhL8KLjVso4vLfOLVViTb,"Determinate - From ""Lemonade Mouth""",64
4VhL8KLjVso4vLfOLVViTb,Somebody,57
4VhL8KLjVso4vLfOLVViTb,Turn Up the Music,56
4VhL8KLjVso4vLfOLVViTb,Breakthrough,55
4VhL8KLjVso4vLfOLVViTb,More Than a Band,54
4VhL8KLjVso4vLfOLVViTb,Do You Miss Me at All,50
4VhL8KLjVso4vLfOLVViTb,Hang In There Baby,47
4VhL8KLjVso4vLfOLVViTb,Here We Go,46
